"rt","response","trial_type","trial_index","time_elapsed","internal_node_id","prolific_id","stimulus","question_order","participant_id","assigned_list","assigned_question_number","assigned_question_text","sentence_id","sentence","bucket","correct_response","rating","attention_check_correct"
"5942","{""Q0"":""5c62de3f48fe4e000180e09d""}","survey-text","0","5946","0.0-0.0","5c62de3f48fe4e000180e09d","","","","","","","","","","","",""
"3501","0","html-button-response","1","9448","0.0-1.0","5c62de3f48fe4e000180e09d","
        <div style=""max-width:900px; text-align:left; margin:auto;"">
          <p>
            You are participating in a study about language and related cognitive abilities
            being conducted by Professor Evelina Fedorenko from the Department of Brain and
            Cognitive Sciences at MIT. If you have questions or concerns, you can contact
            Professor Fedorenko by email (evelina9@mit.edu).
          </p>

          <p>
            Your participation in this research is voluntary. You may decline to answer
            any or all of the following questions. You may decline further participation,
            at any time, without adverse consequences.
          </p>

          <p>
            Your anonymity is assured; the researchers who have requested your participation
            will not receive any personal information about you.
          </p>

          <p>
            The only restriction to being paid
            is achieving the accuracy requirements as detailed in the task instructions
            (to block ""bots"" who answer randomly).
          </p>

          <p><strong>I agree to take part in this study.</strong></p>
        </div>
      ","","","","","","","","","","",""
"18128","0","html-button-response","2","27577","0.0-2.0","5c62de3f48fe4e000180e09d","
      <h1>Sentence Rating: Plausibility</h1>

      <p>
        In this survey, you will be asked to rate 100 sentences. We would like you to rate each sentence for <strong>whether it makes sense</strong> on a scale from 1 (does not make any sense) to 7 (makes perfect sense).
      </p>

      <p>
        For example, a sentence like <i>“The father had to buy some new fishing equipment for his trip”</i> makes sense, so you might rate it as a 6 or 7. In contrast, a sentence like <i>“The window attacked an inflated red kitten after the long opera surfaced”</i> does not really make any sense, so you might rate it as a 1 or 2. Some sentences may fall somewhere in between: for example, <i>“The tired traveller sat down on the book to have a drink of silver”</i> so you might rate them as a 3 or 4.
      </p>

      <p>
      There will also be a few attention checks. Please select the rating indicated in the prompt.
      </p>
    ","","","","","","","","","","",""
"9186","{""Q0"":6}","survey-likert","3","36764","0.0-3.0-0.0","5c62de3f48fe4e000180e09d","","[0]","","1","1","How much does the sentence make sense?","108","What do you do to make ends meet?","<2.25","","7","null"
"4757","{""Q0"":6}","survey-likert","4","41522","0.0-3.0-0.1","5c62de3f48fe4e000180e09d","","[0]","","1","1","How much does the sentence make sense?","437","The conversation on this tape is totally unintelligible.","3.25-4.25","","7","null"
"13517","{""Q0"":4}","survey-likert","5","55040","0.0-3.0-0.2","5c62de3f48fe4e000180e09d","","[0]","","1","1","How much does the sentence make sense?","774","The sheep turn round and charge the shepherd?",">5.25","","5","null"
"6931","{""Q0"":5}","survey-likert","6","61972","0.0-3.0-0.3","5c62de3f48fe4e000180e09d","","[0]","","1","1","How much does the sentence make sense?","783","There was more chatter and tapping of watches.",">5.25","","6","null"
"3285","{""Q0"":6}","survey-likert","7","65258","0.0-3.0-0.4","5c62de3f48fe4e000180e09d","","[0]","","1","1","How much does the sentence make sense?","166","I'd love to hear about what you're doing.","2.25-3.25","","7","null"
"3423","{""Q0"":5}","survey-likert","8","68682","0.0-3.0-0.5","5c62de3f48fe4e000180e09d","","[0]","","1","1","How much does the sentence make sense?","628","Her proposal is heavily promoted in the press.","4.25-5.25","","6","null"
"6798","{""Q0"":5}","survey-likert","9","75481","0.0-3.0-0.6","5c62de3f48fe4e000180e09d","","[0]","","1","1","How much does the sentence make sense?","494","Licensing and registration procedures are opaque and politicized.","4.25-5.25","","6","null"
"3683","{""Q0"":6}","survey-likert","10","79164","0.0-3.0-0.7","5c62de3f48fe4e000180e09d","","[0]","","1","1","How much does the sentence make sense?","541","Music and laughter came from inside the shop.","4.25-5.25","","7","null"
"2757","{""Q0"":5}","survey-likert","11","81922","0.0-3.0-0.8","5c62de3f48fe4e000180e09d","","[0]","","1","1","How much does the sentence make sense?","324","She turned her attention back to the furnishings.","3.25-4.25","","6","null"
"6429","{""Q0"":3}","survey-likert","12","88352","0.0-3.0-0.9","5c62de3f48fe4e000180e09d","","[0]","","1","1","How much does the sentence make sense?","266","Suddenly, a faint whisper swirled in her ear.","2.25-3.25","","4","null"
"2997","{""Q0"":6}","survey-likert","13","91350","0.0-3.0-0.10","5c62de3f48fe4e000180e09d","","[0]","","1","1","How much does the sentence make sense?","27","Sir, would you like to leave a message?","<2.25","","7","null"
"4683","{""Q0"":6}","survey-likert","14","96034","0.0-3.0-0.11","5c62de3f48fe4e000180e09d","","[0]","","1","1","How much does the sentence make sense?","392","He tried to wind down his window surreptitiously.","3.25-4.25","","7","null"
"3974","{""Q0"":5}","survey-likert","15","100008","0.0-3.0-0.12","5c62de3f48fe4e000180e09d","","[0]","","1","1","How much does the sentence make sense?","778","That was very interesting research George was doing!",">5.25","","6","null"
"3945","{""Q0"":4}","survey-likert","16","103954","0.0-3.0-0.13","5c62de3f48fe4e000180e09d","","[0]","","1","1","How much does the sentence make sense?","619","The next morning found him eager to begin.","4.25-5.25","","5","null"
"5359","{""Q0"":3}","survey-likert","17","109314","0.0-3.0-0.14","5c62de3f48fe4e000180e09d","","[0]","","1","1","How much does the sentence make sense?","708","The guy most likely looked at life simply.",">5.25","","4","null"
"6161","{""Q0"":5}","survey-likert","18","115476","0.0-3.0-0.15","5c62de3f48fe4e000180e09d","","[0]","","1","1","How much does the sentence make sense?","438","Footsteps moved toward them up the side street.","3.25-4.25","","6","null"
"4042","{""Q0"":6}","survey-likert","19","119518","0.0-3.0-0.16","5c62de3f48fe4e000180e09d","","[0]","","1","1","How much does the sentence make sense?","381","The flow of data is returning to normal.","3.25-4.25","","7","null"
"2409","{""Q0"":6}","survey-likert","20","121928","0.0-3.0-0.17","5c62de3f48fe4e000180e09d","","[0]","","1","1","How much does the sentence make sense?","333","He looked at the poster on the wall.","3.25-4.25","","7","null"
"2681","{""Q0"":6}","survey-likert","21","124610","0.0-3.0-0.18","5c62de3f48fe4e000180e09d","","[0]","","1","1","How much does the sentence make sense?","688","I watched him head to the other barn.",">5.25","","7","null"
"10723","{""Q0"":4}","survey-likert","22","135334","0.0-3.0-0.19","5c62de3f48fe4e000180e09d","","[0]","","1","1","How much does the sentence make sense?","43","Call me when you get close, all right?","<2.25","","5","null"
"2403","{""Q0"":6}","survey-likert","23","137738","0.0-3.0-0.20","5c62de3f48fe4e000180e09d","","[0]","","1","1","How much does the sentence make sense?","attention_check_20","This is an attention check. Please click 7.","attention_check","7","7","true"
"3101","{""Q0"":6}","survey-likert","24","140840","0.0-3.0-0.21","5c62de3f48fe4e000180e09d","","[0]","","1","1","How much does the sentence make sense?","204","If I get any information, I'll call you.","2.25-3.25","","7","null"
"4471","{""Q0"":3}","survey-likert","25","145312","0.0-3.0-0.22","5c62de3f48fe4e000180e09d","","[0]","","1","1","How much does the sentence make sense?","679","Other passengers reviewed shopping lists and read books.",">5.25","","4","null"
"3043","{""Q0"":6}","survey-likert","26","148356","0.0-3.0-0.23","5c62de3f48fe4e000180e09d","","[0]","","1","1","How much does the sentence make sense?","134","No, that's not the way I see it.","<2.25","","7","null"
"4315","{""Q0"":2}","survey-likert","27","152672","0.0-3.0-0.24","5c62de3f48fe4e000180e09d","","[0]","","1","1","How much does the sentence make sense?","409","It would be like believing in the postman.","3.25-4.25","","3","null"
"3307","{""Q0"":5}","survey-likert","28","155980","0.0-3.0-0.25","5c62de3f48fe4e000180e09d","","[0]","","1","1","How much does the sentence make sense?","734","I laughed too, loving his delightful British accent.",">5.25","","6","null"
"2683","{""Q0"":6}","survey-likert","29","158664","0.0-3.0-0.26","5c62de3f48fe4e000180e09d","","[0]","","1","1","How much does the sentence make sense?","178","It was the way it had always been.","2.25-3.25","","7","null"
"3710","{""Q0"":5}","survey-likert","30","162374","0.0-3.0-0.27","5c62de3f48fe4e000180e09d","","[0]","","1","1","How much does the sentence make sense?","299","When are we getting out of here, exactly?","2.25-3.25","","6","null"
"4251","{""Q0"":5}","survey-likert","31","166626","0.0-3.0-0.28","5c62de3f48fe4e000180e09d","","[0]","","1","1","How much does the sentence make sense?","666","He peers at the tag inside the dress.",">5.25","","6","null"
"3579","{""Q0"":2}","survey-likert","32","170206","0.0-3.0-0.29","5c62de3f48fe4e000180e09d","","[0]","","1","1","How much does the sentence make sense?","736","The boys were all at that runaway age.",">5.25","","3","null"
"3873","{""Q0"":5}","survey-likert","33","174080","0.0-3.0-0.30","5c62de3f48fe4e000180e09d","","[0]","","1","1","How much does the sentence make sense?","188","He had never seen anything like them before.","2.25-3.25","","6","null"
"4355","{""Q0"":0}","survey-likert","34","178436","0.0-3.0-0.31","5c62de3f48fe4e000180e09d","","[0]","","1","1","How much does the sentence make sense?","720","What use were eyes to it down here?",">5.25","","1","null"
"4841","{""Q0"":4}","survey-likert","35","183278","0.0-3.0-0.32","5c62de3f48fe4e000180e09d","","[0]","","1","1","How much does the sentence make sense?","191","Most of it is not all of it.","2.25-3.25","","5","null"
"4869","{""Q0"":3}","survey-likert","36","188148","0.0-3.0-0.33","5c62de3f48fe4e000180e09d","","[0]","","1","1","How much does the sentence make sense?","394","How could they talk when he couldn't speak?","3.25-4.25","","4","null"
"2663","{""Q0"":6}","survey-likert","37","190812","0.0-3.0-0.34","5c62de3f48fe4e000180e09d","","[0]","","1","1","How much does the sentence make sense?","378","Did someone try to kick the door down?","3.25-4.25","","7","null"
"3201","{""Q0"":6}","survey-likert","38","194014","0.0-3.0-0.35","5c62de3f48fe4e000180e09d","","[0]","","1","1","How much does the sentence make sense?","457","Finally, he had something he could actually do.","3.25-4.25","","7","null"
"2680","{""Q0"":6}","survey-likert","39","196694","0.0-3.0-0.36","5c62de3f48fe4e000180e09d","","[0]","","1","1","How much does the sentence make sense?","396","In my judgment, you simply have no alternative.","3.25-4.25","","7","null"
"2457","{""Q0"":6}","survey-likert","40","199152","0.0-3.0-0.37","5c62de3f48fe4e000180e09d","","[0]","","1","1","How much does the sentence make sense?","132","That's just what I was going to say.","<2.25","","7","null"
"2251","{""Q0"":5}","survey-likert","41","201404","0.0-3.0-0.38","5c62de3f48fe4e000180e09d","","[0]","","1","1","How much does the sentence make sense?","454","Then I would have to answer interesting questions.","3.25-4.25","","6","null"
"3045","{""Q0"":6}","survey-likert","42","204450","0.0-3.0-0.39","5c62de3f48fe4e000180e09d","","[0]","","1","1","How much does the sentence make sense?","513","The workshop guys can pick it up later.","4.25-5.25","","7","null"
"4836","{""Q0"":6}","survey-likert","43","209287","0.0-3.0-0.40","5c62de3f48fe4e000180e09d","","[0]","","1","1","How much does the sentence make sense?","711","Martin knew any real answers lay much deeper.",">5.25","","7","null"
"1944","{""Q0"":2}","survey-likert","44","211232","0.0-3.0-0.41","5c62de3f48fe4e000180e09d","","[0]","","1","1","How much does the sentence make sense?","attention_check_40","This is an attention check. Please click 3.","attention_check","3","3","true"
"3681","{""Q0"":5}","survey-likert","45","214913","0.0-3.0-0.42","5c62de3f48fe4e000180e09d","","[0]","","1","1","How much does the sentence make sense?","430","In the swamps, I learned how to listen.","3.25-4.25","","6","null"
"5874","{""Q0"":5}","survey-likert","46","220788","0.0-3.0-0.43","5c62de3f48fe4e000180e09d","","[0]","","1","1","How much does the sentence make sense?","570","The windows they faced were dark and shut.","4.25-5.25","","6","null"
"4773","{""Q0"":5}","survey-likert","47","225562","0.0-3.0-0.44","5c62de3f48fe4e000180e09d","","[0]","","1","1","How much does the sentence make sense?","609","We lead rituals and ceremonies, things like that.","4.25-5.25","","6","null"
"2721","{""Q0"":6}","survey-likert","48","228284","0.0-3.0-0.45","5c62de3f48fe4e000180e09d","","[0]","","1","1","How much does the sentence make sense?","51","It's not just me, it's both of us.","<2.25","","7","null"
"2024","{""Q0"":6}","survey-likert","49","230308","0.0-3.0-0.46","5c62de3f48fe4e000180e09d","","[0]","","1","1","How much does the sentence make sense?","123","I don't care what you think of me.","<2.25","","7","null"
"3519","{""Q0"":2}","survey-likert","50","233828","0.0-3.0-0.47","5c62de3f48fe4e000180e09d","","[0]","","1","1","How much does the sentence make sense?","530","Now keep that thought in mind and exaggerate!","4.25-5.25","","3","null"
"2843","{""Q0"":5}","survey-likert","51","236672","0.0-3.0-0.48","5c62de3f48fe4e000180e09d","","[0]","","1","1","How much does the sentence make sense?","273","Let's hope there isn't a backlash against him.","2.25-3.25","","6","null"
"2846","{""Q0"":5}","survey-likert","52","239518","0.0-3.0-0.49","5c62de3f48fe4e000180e09d","","[0]","","1","1","How much does the sentence make sense?","756","But here they were merely Paul and Anna.",">5.25","","6","null"
"4389","{""Q0"":5}","survey-likert","53","243908","0.0-3.0-0.50","5c62de3f48fe4e000180e09d","","[0]","","1","1","How much does the sentence make sense?","616","Half of Omaha has no lights right now.","4.25-5.25","","6","null"
"2345","{""Q0"":6}","survey-likert","54","246254","0.0-3.0-0.51","5c62de3f48fe4e000180e09d","","[0]","","1","1","How much does the sentence make sense?","90","Even if I did, you'd never believe it.","<2.25","","7","null"
"2253","{""Q0"":6}","survey-likert","55","248508","0.0-3.0-0.52","5c62de3f48fe4e000180e09d","","[0]","","1","1","How much does the sentence make sense?","33","I wish there was something I could do.","<2.25","","7","null"
"2517","{""Q0"":6}","survey-likert","56","251026","0.0-3.0-0.53","5c62de3f48fe4e000180e09d","","[0]","","1","1","How much does the sentence make sense?","239","It doesn't look like something you'd pick out.","2.25-3.25","","7","null"
"3657","{""Q0"":4}","survey-likert","57","254684","0.0-3.0-0.54","5c62de3f48fe4e000180e09d","","[0]","","1","1","How much does the sentence make sense?","215","Whatever it was, it seemed to get through.","2.25-3.25","","5","null"
"4893","{""Q0"":4}","survey-likert","58","259578","0.0-3.0-0.55","5c62de3f48fe4e000180e09d","","[0]","","1","1","How much does the sentence make sense?","558","Have many famous actors and actresses lived here?","4.25-5.25","","5","null"
"3025","{""Q0"":6}","survey-likert","59","262604","0.0-3.0-0.56","5c62de3f48fe4e000180e09d","","[0]","","1","1","How much does the sentence make sense?","219","To be honest, I found this by accident.","2.25-3.25","","7","null"
"3719","{""Q0"":5}","survey-likert","60","266324","0.0-3.0-0.57","5c62de3f48fe4e000180e09d","","[0]","","1","1","How much does the sentence make sense?","410","You need a partner, someone to spot you.","3.25-4.25","","6","null"
"3723","{""Q0"":3}","survey-likert","61","270048","0.0-3.0-0.58","5c62de3f48fe4e000180e09d","","[0]","","1","1","How much does the sentence make sense?","416","Now, we have cloaks for those with wings.","3.25-4.25","","4","null"
"2555","{""Q0"":6}","survey-likert","62","272604","0.0-3.0-0.59","5c62de3f48fe4e000180e09d","","[0]","","1","1","How much does the sentence make sense?","61","This time, you have to do it right.","<2.25","","7","null"
"5583","{""Q0"":2}","survey-likert","63","278188","0.0-3.0-0.60","5c62de3f48fe4e000180e09d","","[0]","","1","1","How much does the sentence make sense?","693","He spent my college fund on puppet clothes.",">5.25","","3","null"
"6083","{""Q0"":3}","survey-likert","64","284272","0.0-3.0-0.61","5c62de3f48fe4e000180e09d","","[0]","","1","1","How much does the sentence make sense?","648","Good housing also helped promote good work habits.",">5.25","","4","null"
"2109","{""Q0"":1}","survey-likert","65","286382","0.0-3.0-0.62","5c62de3f48fe4e000180e09d","","[0]","","1","1","How much does the sentence make sense?","attention_check_60","This is an attention check. Please click 2.","attention_check","2","2","true"
"3126","{""Q0"":5}","survey-likert","66","289508","0.0-3.0-0.63","5c62de3f48fe4e000180e09d","","[0]","","1","1","How much does the sentence make sense?","597","He ignored me for a full thirty seconds.","4.25-5.25","","6","null"
"4087","{""Q0"":6}","survey-likert","67","293596","0.0-3.0-0.64","5c62de3f48fe4e000180e09d","","[0]","","1","1","How much does the sentence make sense?","581","They have always been understanding, patient and kind.","4.25-5.25","","7","null"
"2317","{""Q0"":6}","survey-likert","68","295914","0.0-3.0-0.65","5c62de3f48fe4e000180e09d","","[0]","","1","1","How much does the sentence make sense?","133","Are you going to be able to sleep?","<2.25","","7","null"
"4111","{""Q0"":4}","survey-likert","69","300026","0.0-3.0-0.66","5c62de3f48fe4e000180e09d","","[0]","","1","1","How much does the sentence make sense?","470","By this time, we were getting visitors, too.","3.25-4.25","","5","null"
"5579","{""Q0"":3}","survey-likert","70","305606","0.0-3.0-0.67","5c62de3f48fe4e000180e09d","","[0]","","1","1","How much does the sentence make sense?","478","She stood looking straight at my downcast eyes.","3.25-4.25","","4","null"
"4237","{""Q0"":2}","survey-likert","71","309844","0.0-3.0-0.68","5c62de3f48fe4e000180e09d","","[0]","","1","1","How much does the sentence make sense?","627","Eleanor turned to look at what he indicated.","4.25-5.25","","3","null"
"2995","{""Q0"":3}","survey-likert","72","312840","0.0-3.0-0.69","5c62de3f48fe4e000180e09d","","[0]","","1","1","How much does the sentence make sense?","537","Your father too wished to own a boat.","4.25-5.25","","4","null"
"5797","{""Q0"":6}","survey-likert","73","318638","0.0-3.0-0.70","5c62de3f48fe4e000180e09d","","[0]","","1","1","How much does the sentence make sense?","60","You told me you wanted to meet him.","<2.25","","7","null"
"4371","{""Q0"":6}","survey-likert","74","323010","0.0-3.0-0.71","5c62de3f48fe4e000180e09d","","[0]","","1","1","How much does the sentence make sense?","271","But it would be better if you came.","2.25-3.25","","7","null"
"2565","{""Q0"":6}","survey-likert","75","325576","0.0-3.0-0.72","5c62de3f48fe4e000180e09d","","[0]","","1","1","How much does the sentence make sense?","252","Have I got time to mow the lawn?","2.25-3.25","","7","null"
"4363","{""Q0"":6}","survey-likert","76","329940","0.0-3.0-0.73","5c62de3f48fe4e000180e09d","","[0]","","1","1","How much does the sentence make sense?","539","There were fewer chips left after each wager.","4.25-5.25","","7","null"
"2083","{""Q0"":6}","survey-likert","77","332024","0.0-3.0-0.74","5c62de3f48fe4e000180e09d","","[0]","","1","1","How much does the sentence make sense?","250","I have no recollection of any of that.","2.25-3.25","","7","null"
"3625","{""Q0"":5}","survey-likert","78","335650","0.0-3.0-0.75","5c62de3f48fe4e000180e09d","","[0]","","1","1","How much does the sentence make sense?","746","Hanna faked a cough, hiding her guilty expression.",">5.25","","6","null"
"2315","{""Q0"":5}","survey-likert","79","337966","0.0-3.0-0.76","5c62de3f48fe4e000180e09d","","[0]","","1","1","How much does the sentence make sense?","334","I was lukewarm about her in the beginning.","3.25-4.25","","6","null"
"4391","{""Q0"":6}","survey-likert","80","342358","0.0-3.0-0.77","5c62de3f48fe4e000180e09d","","[0]","","1","1","How much does the sentence make sense?","514","When will you bring her the color television?","4.25-5.25","","7","null"
"3493","{""Q0"":6}","survey-likert","81","345852","0.0-3.0-0.78","5c62de3f48fe4e000180e09d","","[0]","","1","1","How much does the sentence make sense?","691","Evening approached as more people filled the street.",">5.25","","7","null"
"8295","{""Q0"":6}","survey-likert","82","354148","0.0-3.0-0.79","5c62de3f48fe4e000180e09d","","[0]","","1","1","How much does the sentence make sense?","667","Business travel slowed dramatically and vacations were cancelled.",">5.25","","7","null"
"4297","{""Q0"":4}","survey-likert","83","358446","0.0-3.0-0.80","5c62de3f48fe4e000180e09d","","[0]","","1","1","How much does the sentence make sense?","308","Why don't we go straight through the stream?","2.25-3.25","","5","null"
"2531","{""Q0"":6}","survey-likert","84","360978","0.0-3.0-0.81","5c62de3f48fe4e000180e09d","","[0]","","1","1","How much does the sentence make sense?","162","Tomorrow was going to be a long day.","2.25-3.25","","7","null"
"2160","{""Q0"":6}","survey-likert","85","363138","0.0-3.0-0.82","5c62de3f48fe4e000180e09d","","[0]","","1","1","How much does the sentence make sense?","405","She pointed to a carving on the wall.","3.25-4.25","","7","null"
"2503","{""Q0"":6}","survey-likert","86","365642","0.0-3.0-0.83","5c62de3f48fe4e000180e09d","","[0]","","1","1","How much does the sentence make sense?","352","We both sat in thought for a moment.","3.25-4.25","","7","null"
"2601","{""Q0"":6}","survey-likert","87","368244","0.0-3.0-0.84","5c62de3f48fe4e000180e09d","","[0]","","1","1","How much does the sentence make sense?","692","The book sales alone will be worth millions.",">5.25","","7","null"
"3134","{""Q0"":5}","survey-likert","88","371379","0.0-3.0-0.85","5c62de3f48fe4e000180e09d","","[0]","","1","1","How much does the sentence make sense?","441","The further they went the thicker it became.","3.25-4.25","","6","null"
"2527","{""Q0"":5}","survey-likert","89","373906","0.0-3.0-0.86","5c62de3f48fe4e000180e09d","","[0]","","1","1","How much does the sentence make sense?","548","That backup team will be a last resort.","4.25-5.25","","6","null"
"2441","{""Q0"":6}","survey-likert","90","376348","0.0-3.0-0.87","5c62de3f48fe4e000180e09d","","[0]","","1","1","How much does the sentence make sense?","118","Would you like me to stay with you?","<2.25","","7","null"
"3807","{""Q0"":3}","survey-likert","91","380156","0.0-3.0-0.88","5c62de3f48fe4e000180e09d","","[0]","","1","1","How much does the sentence make sense?","617","We each had some urgent matters to attend.","4.25-5.25","","4","null"
"2635","{""Q0"":6}","survey-likert","92","382792","0.0-3.0-0.89","5c62de3f48fe4e000180e09d","","[0]","","1","1","How much does the sentence make sense?","369","He started hanging the clothes in the closet.","3.25-4.25","","7","null"
"4358","{""Q0"":1}","survey-likert","93","387150","0.0-3.0-0.90","5c62de3f48fe4e000180e09d","","[0]","","1","1","How much does the sentence make sense?","758","The pollen genetically altered to carry a virus.",">5.25","","2","null"
"4631","{""Q0"":3}","survey-likert","94","391782","0.0-3.0-0.91","5c62de3f48fe4e000180e09d","","[0]","","1","1","How much does the sentence make sense?","560","But why could we all see their horses?","4.25-5.25","","4","null"
"3105","{""Q0"":6}","survey-likert","95","394888","0.0-3.0-0.92","5c62de3f48fe4e000180e09d","","[0]","","1","1","How much does the sentence make sense?","624","The goddess was gorgeous, no question about that.","4.25-5.25","","7","null"
"2433","{""Q0"":6}","survey-likert","96","397322","0.0-3.0-0.93","5c62de3f48fe4e000180e09d","","[0]","","1","1","How much does the sentence make sense?","283","I hope you find out who did this.","2.25-3.25","","7","null"
"2084","{""Q0"":6}","survey-likert","97","399407","0.0-3.0-0.94","5c62de3f48fe4e000180e09d","","[0]","","1","1","How much does the sentence make sense?","14","Do you have anything to say about that?","<2.25","","7","null"
"3943","{""Q0"":5}","survey-likert","98","403351","0.0-3.0-0.95","5c62de3f48fe4e000180e09d","","[0]","","1","1","How much does the sentence make sense?","574","The reality of what was happening sank in.","4.25-5.25","","6","null"
"5956","{""Q0"":2}","survey-likert","99","409308","0.0-3.0-0.96","5c62de3f48fe4e000180e09d","","[0]","","1","1","How much does the sentence make sense?","606","It is the characteristic species of grassland ponds.","4.25-5.25","","3","null"
"2491","{""Q0"":6}","survey-likert","100","411800","0.0-3.0-0.97","5c62de3f48fe4e000180e09d","","[0]","","1","1","How much does the sentence make sense?","62","I'll come to you when I need you.","<2.25","","7","null"
"2395","{""Q0"":6}","survey-likert","101","414196","0.0-3.0-0.98","5c62de3f48fe4e000180e09d","","[0]","","1","1","How much does the sentence make sense?","400","Was there any recent construction at the house?","3.25-4.25","","7","null"
"2277","{""Q0"":6}","survey-likert","102","416474","0.0-3.0-0.99","5c62de3f48fe4e000180e09d","","[0]","","1","1","How much does the sentence make sense?","85","We'll talk about this when I get back.","<2.25","","7","null"
"2461","{""Q0"":6}","survey-likert","103","418936","0.0-3.0-0.100","5c62de3f48fe4e000180e09d","","[0]","","1","1","How much does the sentence make sense?","321","She sighed and leaned back on the couch.","3.25-4.25","","7","null"
"3239","{""Q0"":5}","survey-likert","104","422176","0.0-3.0-0.101","5c62de3f48fe4e000180e09d","","[0]","","1","1","How much does the sentence make sense?","229","Now, start from the beginning, and slow down.","2.25-3.25","","6","null"
"2296","{""Q0"":6}","survey-likert","105","424472","0.0-3.0-0.102","5c62de3f48fe4e000180e09d","","[0]","","1","1","How much does the sentence make sense?","9","Do you know how much I love you?","<2.25","","7","null"
